{
  "protocol": {
    "endpoint": "2019-03-12 00:00:00",
    "sensor_window": "strictement antérieure au score SLS",
    "primary_window_days": 7,
    "statistical_unit": "vache",
    "primary_variant": "hierarchical, prédéfinie sans consulter les SLS",
    "interpretation": "concordance observationnelle exploratoire, non validation diagnostique"
  },
  "cohort": {
    "n_evaluable": 14,
    "n_sls_ge_2": 3,
    "n_sls_lt_2": 11,
    "sls_distribution": {
      "0": 2,
      "1": 9,
      "2": 3
    },
    "treatment_by_sls": {
      "Exercise": {
        "0": 3,
        "1": 3
      },
      "No_Exercise": {
        "0": 7,
        "1": 0
      }
    }
  },
  "primary_metrics": [
    {
      "metric": "pre7_hybrid_notifs",
      "n_sls_ge_2": 3,
      "n_sls_lt_2": 11,
      "mean_sls_ge_2": 6.666666666666667,
      "mean_sls_lt_2": 4.454545454545454,
      "auc": 0.9242424242424242,
      "mann_whitney_p": 0.030603761054851564,
      "spearman_rho": 0.5043852795418039,
      "spearman_p": 0.06587892641408946,
      "variant": "hierarchical"
    },
    {
      "metric": "pre7_hybrid_frac_time",
      "n_sls_ge_2": 3,
      "n_sls_lt_2": 11,
      "mean_sls_ge_2": 0.6101190476190476,
      "mean_sls_lt_2": 0.5584415584415584,
      "auc": 0.7121212121212122,
      "mann_whitney_p": 0.3109824988017441,
      "spearman_rho": 0.21701731686430642,
      "spearman_p": 0.45612048654363824,
      "variant": "hierarchical"
    },
    {
      "metric": "pre7_hybrid_score_max",
      "n_sls_ge_2": 3,
      "n_sls_lt_2": 11,
      "mean_sls_ge_2": 0.9751814092418384,
      "mean_sls_lt_2": 0.9730429654134519,
      "auc": 0.6060606060606061,
      "mann_whitney_p": 0.628879803893502,
      "spearman_rho": -0.06408550438014633,
      "spearman_p": 0.8277001685678117,
      "variant": "hierarchical"
    },
    {
      "metric": "pre7_instability_surveillance_frac",
      "n_sls_ge_2": 3,
      "n_sls_lt_2": 11,
      "mean_sls_ge_2": 0.01140873015873016,
      "mean_sls_lt_2": 0.018804112554112552,
      "auc": 0.3484848484848485,
      "mann_whitney_p": 0.4806142832595016,
      "spearman_rho": -0.09871961572821732,
      "spearman_p": 0.7370531312470732,
      "variant": "hierarchical"
    }
  ],
  "verdict_rule": "Aucune variante ne peut être déclarée cliniquement validée avec trois SLS>=2 et un entrelacement du traitement Exercise."
}