configuration,n_cows,n_events,hypo_detection,instability_detection,all_positive_detection,benign_control_alert_rate,confound_alert_rate,hybrid_iou20,hybrid_delay_h_median,background_per_cow_day,instability_aggregation_hours,instability_persistence_hours,instability_cooldown_hours,instability_motion_min_change,instability_transitions_min_change,instability_steps_min_change,instability_variability_min_change,instability_score_threshold,instability_cusum_drift,instability_cusum_threshold,instability_min_families,instability_coverage_min_pct,fusion_mode,fusion_cooldown_hours
reference,11,110,0.5454545454545454,0.42424242424242425,0.48484848484848486,0.045454545454545456,0.7272727272727273,0.2727272727272727,10.75,0.999486813717154,3.0,2.0,12.0,0.2,0.2,0.15,0.25,0.2,0.08,0.8,2,25.0,OR,12.0
persistence_3h,11,110,0.48484848484848486,0.42424242424242425,0.45454545454545453,0.045454545454545456,0.5454545454545454,0.2878787878787879,10.0,0.8388608283721237,3.0,3.0,12.0,0.2,0.2,0.15,0.25,0.2,0.08,0.8,2,25.0,OR,12.0
thresholds_strict,11,110,0.5151515151515151,0.3939393939393939,0.45454545454545453,0.045454545454545456,0.6818181818181818,0.2878787878787879,10.25,0.9638374481033529,3.0,2.0,12.0,0.25,0.25,0.15,0.25,0.25,0.08,1.2,2,25.0,OR,12.0
aggregation_4h,11,110,0.5151515151515151,0.36363636363636365,0.4393939393939394,0.045454545454545456,0.6363636363636364,0.25757575757575757,10.25,0.8300096389935508,4.0,3.0,12.0,0.2,0.2,0.15,0.25,0.2,0.08,0.8,2,25.0,OR,12.0
strict_cooldown_24h,11,110,0.48484848484848486,0.24242424242424243,0.36363636363636365,0.045454545454545456,0.5454545454545454,0.25757575757575757,10.875,0.6069361117994908,4.0,3.0,24.0,0.25,0.25,0.15,0.25,0.25,0.08,1.2,2,25.0,OR,24.0
